{"data":7,"parent":"item/generated","textures":{"layer0":"item/leather_horse_armor"},"overrides":[{"predicate":{"custom_model_data":1},"model":"modelengine:scarecrow/lleg"},{"predicate":{"custom_model_data":2},"model":"modelengine:scarecrow/rleg"},{"predicate":{"custom_model_data":3},"model":"modelengine:scarecrow/l_hand"},{"predicate":{"custom_model_data":4},"model":"modelengine:scarecrow/face"},{"predicate":{"custom_model_data":5},"model":"modelengine:scarecrow/head"},{"predicate":{"custom_model_data":6},"model":"modelengine:scarecrow/r_hand"},{"predicate":{"custom_model_data":7},"model":"modelengine:scarecrow/body"}]}