{"textures":{"0":"modelengine:entity/scarecrow","1":"minecraft:block/hay_block_side","2":"minecraft:block/hay_block_top","3":"minecraft:block/pumpkin_side","4":"minecraft:block/pumpkin_top","5":"minecraft:block/carved_pumpkin","6":"minecraft:block/jack_o_lantern"},"elements":[{"name":"box100","from":[4.605008,7.994,4.66763],"to":[11.745008,15.134,11.807631],"rotation":{"angle":0.0,"axis":"x","origin":[8.332508,7.754,8.44763]},"faces":{"down":{"uv":[16.0,0.0,0.0,16.0],"rotation":0,"texture":"#2","tintindex":0},"east":{"uv":[16.0,0.0,0.0,16.0],"rotation":0,"texture":"#1","tintindex":0},"north":{"uv":[16.0,0.0,0.0,16.0],"rotation":0,"texture":"#1","tintindex":0},"south":{"uv":[16.0,0.0,0.0,16.0],"rotation":0,"texture":"#1","tintindex":0},"up":{"uv":[16.0,0.0,0.0,16.0],"rotation":0,"texture":"#2","tintindex":0},"west":{"uv":[16.0,0.0,0.0,16.0],"rotation":0,"texture":"#1","tintindex":0}}},{"name":"box101","from":[3.7050078,7.244,4.4576297],"to":[12.7050085,16.244,4.4576297],"rotation":{"angle":0.0,"axis":"x","origin":[7.432508,7.0039997,1.0976295]},"faces":{"down":{"uv":[128.0,64.0,64.0,128.0],"rotation":0,"texture":"#0","tintindex":0},"east":{"uv":[128.0,64.0,64.0,128.0],"rotation":0,"texture":"#0","tintindex":0},"north":{"uv":[8.0,8.0,0.0,16.0],"rotation":0,"texture":"#0","tintindex":0},"south":{"uv":[256.0,128.0,192.0,192.0],"rotation":0,"texture":"#0","tintindex":0},"up":{"uv":[128.0,64.0,64.0,128.0],"rotation":0,"texture":"#0","tintindex":0},"west":{"uv":[128.0,64.0,64.0,128.0],"rotation":0,"texture":"#0","tintindex":0}}}],"display":{"head":{"translation":[0.0,-6.4,0.0],"rotation":[0.0,0.0,0.0],"scale":[3.8095,3.8095,3.8095]}}}