{"textures":{"0":"modelengine:entity/scarecrow","1":"minecraft:block/hay_block_side","2":"minecraft:block/hay_block_top","3":"minecraft:block/pumpkin_side","4":"minecraft:block/pumpkin_top","5":"minecraft:block/carved_pumpkin","6":"minecraft:block/jack_o_lantern"},"elements":[{"name":"box101","from":[4.968476,5.20625,7.085636],"to":[11.662227,11.900002,8.885635],"rotation":{"angle":0.0,"axis":"x","origin":[8.463002,-2.6687503,10.629386]},"faces":{"down":{"uv":[6.0,0.0,5.0,1.0],"rotation":0,"texture":"#0","tintindex":0},"east":{"uv":[6.0,0.0,5.0,1.0],"rotation":0,"texture":"#0","tintindex":0},"north":{"uv":[8.0,0.0,0.0,8.0],"rotation":0,"texture":"#0","tintindex":0},"south":{"uv":[16.0,0.0,0.0,16.0],"rotation":0,"texture":"#6","tintindex":0},"up":{"uv":[6.0,0.0,5.0,1.0],"rotation":0,"texture":"#0","tintindex":0},"west":{"uv":[6.0,0.0,5.0,1.0],"rotation":0,"texture":"#0","tintindex":0}}}],"display":{"head":{"translation":[0.0,-6.4,0.0],"rotation":[0.0,0.0,0.0],"scale":[3.8095,3.8095,3.8095]}}}