{"textures":{"0":"modelengine:entity/scarecrow","1":"minecraft:block/hay_block_side","2":"minecraft:block/hay_block_top","3":"minecraft:block/pumpkin_side","4":"minecraft:block/pumpkin_top","5":"minecraft:block/carved_pumpkin","6":"minecraft:block/jack_o_lantern"},"elements":[{"name":"box99","from":[4.8391037,7.9381275,4.893758],"to":[11.532854,14.631879,11.587508],"rotation":{"angle":0.0,"axis":"x","origin":[8.33363,0.063127756,8.437508]},"faces":{"down":{"uv":[16.0,0.0,0.0,16.0],"rotation":0,"texture":"#4","tintindex":0},"east":{"uv":[16.0,0.0,0.0,16.0],"rotation":0,"texture":"#3","tintindex":0},"north":{"uv":[16.0,0.0,0.0,16.0],"rotation":0,"texture":"#5","tintindex":0},"south":{"uv":[16.0,0.0,0.0,16.0],"rotation":0,"texture":"#3","tintindex":0},"up":{"uv":[16.0,0.0,0.0,16.0],"rotation":0,"texture":"#4","tintindex":0},"west":{"uv":[16.0,0.0,0.0,16.0],"rotation":0,"texture":"#3","tintindex":0}}}],"display":{"head":{"translation":[0.0,-6.4,0.0],"rotation":[0.0,0.0,0.0],"scale":[3.8095,3.8095,3.8095]}}}