{"textures":{"0":"modelengine:entity/scarecrow","1":"minecraft:block/hay_block_side","2":"minecraft:block/hay_block_top","3":"minecraft:block/pumpkin_side","4":"minecraft:block/pumpkin_top","5":"minecraft:block/carved_pumpkin","6":"minecraft:block/jack_o_lantern"},"elements":[{"name":"hand","from":[8.320508,7.5676103,7.84715],"to":[13.960509,8.39585,8.67539],"rotation":{"angle":0.0,"axis":"x","origin":[10.450508,8.0,8.28563]},"faces":{"down":{"uv":[16.0,0.0,8.0,8.0],"rotation":270,"texture":"#0","tintindex":0},"east":{"uv":[16.0,0.0,8.0,8.0],"rotation":270,"texture":"#0","tintindex":0},"north":{"uv":[16.0,0.0,8.0,8.0],"rotation":90,"texture":"#0","tintindex":0},"south":{"uv":[16.0,0.0,8.0,8.0],"rotation":270,"texture":"#0","tintindex":0},"up":{"uv":[16.0,0.0,8.0,8.0],"rotation":270,"texture":"#0","tintindex":0},"west":{"uv":[16.0,0.0,8.0,8.0],"rotation":270,"texture":"#0","tintindex":0}}}],"display":{"head":{"translation":[0.0,-6.4,0.0],"rotation":[0.0,0.0,0.0],"scale":[3.8095,3.8095,3.8095]}}}