{"textures":{"0":"modelengine:entity/scarecrow","1":"minecraft:block/hay_block_side","2":"minecraft:block/hay_block_top","3":"minecraft:block/pumpkin_side","4":"minecraft:block/pumpkin_top","5":"minecraft:block/carved_pumpkin","6":"minecraft:block/jack_o_lantern"},"elements":[{"name":"box102","from":[7.6050076,-0.76000047,7.52963],"to":[9.033008,7.88,8.95763],"rotation":{"angle":0.0,"axis":"x","origin":[8.350508,6.6499996,8.28563]},"faces":{"down":{"uv":[16.0,0.0,8.0,8.0],"rotation":0,"texture":"#0","tintindex":0},"east":{"uv":[16.0,0.0,8.0,8.0],"rotation":0,"texture":"#0","tintindex":0},"north":{"uv":[16.0,0.0,8.0,8.0],"rotation":0,"texture":"#0","tintindex":0},"south":{"uv":[16.0,0.0,8.0,8.0],"rotation":0,"texture":"#0","tintindex":0},"up":{"uv":[16.0,0.0,8.0,8.0],"rotation":0,"texture":"#0","tintindex":0},"west":{"uv":[16.0,0.0,8.0,8.0],"rotation":0,"texture":"#0","tintindex":0}}}],"display":{"head":{"translation":[0.0,-6.4,0.0],"rotation":[0.0,0.0,0.0],"scale":[3.8095,3.8095,3.8095]}}}